id,nombre,apellido,documento,email,telefono,check_in
1,Yolanda,Fernández Núñez,DNI40984964,yolanda.fernández@correo.com,+54-11-7995-7912,0
2,Mariana,Cabrera Romero,DNI51831918,mariana.cabrera@yahoo.com,+51-1-1457-6096,0
3,Javier,Ortiz González,PAS77967410,javier.ortiz@hotmail.com,+57-1-8683-9305,1
4,Alejandra,Mendoza Vargas,CI22939535,alejandra.mendoza@hotmail.com,+54-11-8085-2874,0
5,Leonardo,Peña Navarro,CI45226099,leonardo.peña@outlook.com,+54-11-1319-2710,0
6,Camila,Núñez Molina,DNI51998556,camila.núñez@hotmail.com,+1-305-5495-4371,0
7,Ignacio,Cruz Gómez,PAS36288429,ignacio.cruz@gmail.com,+1-305-8705-7587,1
8,Ricardo,Domínguez Rojas,PAS65706586,ricardo.domínguez@gmail.com,+57-1-7168-6512,1
9,Gustavo,Figueroa Ríos,PAS81884605,gustavo.figueroa@outlook.com,+54-11-3981-1449,1
10,Nicolás,Ortiz Aguilar,PAS66136211,nicolás.ortiz@correo.com,+34-91-7943-8166,1
11,Patricia,Flores Figueroa,PAS90933654,patricia.flores@yahoo.com,+52-55-3884-5730,1
12,Andrés,Herrera Díaz,CI55599180,andrés.herrera@gmail.com,+56-2-8665-6486,1
13,Ignacio,Flores León,CI56532396,ignacio.flores@hotmail.com,+34-91-2437-1744,1
14,Alejandra,Delgado Torres,DNI32610609,alejandra.delgado@gmail.com,+34-91-6465-7936,0
15,Laura,Hernández Ríos,PAS91506313,laura.hernández@gmail.com,+51-1-3243-3413,1
16,Carolina,León Molina,CI46915605,carolina.león@gmail.com,+34-91-1538-2041,1
17,Andrea,Ríos López,CI66291494,andrea.ríos@gmail.com,+56-2-3172-9734,0
18,Beatriz,Guerrero Mendoza,CI25487286,beatriz.guerrero@outlook.com,+51-1-5041-4193,0
19,Sofía,Rojas Salazar,PAS55625880,sofía.rojas@hotmail.com,+57-1-9157-2882,1
20,Elena,Domínguez Álvarez,CI22036870,elena.domínguez@outlook.com,+54-11-5774-7796,1
21,Adriana,Rodríguez Figueroa,CI52618449,adriana.rodríguez@hotmail.com,+57-1-8964-6041,0
22,Ignacio,Álvarez Espinoza,CI77984407,ignacio.álvarez@yahoo.com,+56-2-8790-2125,1
23,Catalina,Miranda Morales,CI35923891,catalina.miranda@gmail.com,+1-305-4467-1634,1
24,Miguel,Campos Jiménez,DNI35945707,miguel.campos@yahoo.com,+54-11-4672-4057,1
25,Yolanda,Mendoza Castillo,PAS65905803,yolanda.mendoza@gmail.com,+57-1-5441-1419,1
26,José,Domínguez López,DNI65417799,josé.domínguez@correo.com,+34-91-3408-9505,0
27,Javier,Mendoza Vargas,PAS95600551,javier.mendoza@outlook.com,+52-55-4928-1690,1
28,Elena,Sánchez Vargas,PAS51931818,elena.sánchez@correo.com,+57-1-3526-8197,1
29,Daniela,Morales Rodríguez,CI69635352,daniela.morales@hotmail.com,+57-1-2834-8317,1
30,Andrea,Silva Reyes,DNI95337414,andrea.silva@yahoo.com,+54-11-6734-9259,0
31,Miguel,Domínguez Ríos,PAS35724972,miguel.domínguez@correo.com,+52-55-7602-6815,0
32,Rosa,Castillo González,DNI35791847,rosa.castillo@outlook.com,+51-1-2401-3775,1
33,Isabella,Guerrero García,CI18167674,isabella.guerrero@gmail.com,+34-91-3323-8927,0
34,José,Reyes Silva,PAS14780926,josé.reyes@yahoo.com,+54-11-2791-2399,1
35,Patricia,Flores Figueroa,PAS37991323,patricia.flores@hotmail.com,+52-55-5255-6935,0
36,Sofía,Jiménez Hernández,CI90371116,sofía.jiménez@hotmail.com,+54-11-7767-4608,0
37,Arturo,Espinoza Guerrero,DNI11670551,arturo.espinoza@yahoo.com,+56-2-3938-8232,0
38,Camila,Pérez Ruiz,PAS52548874,camila.pérez@yahoo.com,+52-55-7500-8885,1
39,Carla,Vega Vega,DNI90939399,carla.vega@hotmail.com,+57-1-5856-8824,1
40,Daniela,Pérez Flores,CI43576551,daniela.pérez@correo.com,+52-55-7862-4484,0
41,Carolina,Hernández Martínez,CI30438075,carolina.hernández@correo.com,+56-2-2459-2738,0
42,Marco,Romero Peña,PAS93256707,marco.romero@outlook.com,+1-305-1996-8384,1
43,Mónica,Castro Figueroa,CI24302560,mónica.castro@outlook.com,+57-1-1697-9266,0
44,Sebastián,Ríos Peña,PAS97080101,sebastián.ríos@correo.com,+56-2-6759-7386,1
45,Alberto,González Flores,PAS55596940,alberto.gonzález@outlook.com,+52-55-8772-6680,1
46,Luis,Morales Peña,DNI68702172,luis.morales@correo.com,+52-55-6787-6166,1
47,María,Ramírez Romero,DNI21311728,maría.ramírez@outlook.com,+52-55-8459-1232,1
48,Victoria,Flores Aguilar,DNI14930808,victoria.flores@hotmail.com,+52-55-9592-7971,0
49,Ignacio,Pérez Herrera,DNI53259057,ignacio.pérez@correo.com,+54-11-2061-4361,0
50,Daniela,Reyes Guzmán,CI72154934,daniela.reyes@yahoo.com,+57-1-8416-7097,0
51,Andrea,Peña Rodríguez,PAS39991516,andrea.peña@gmail.com,+34-91-2007-3439,0
52,Sofía,Silva Torres,PAS61435454,sofía.silva@gmail.com,+57-1-5076-9354,0
53,Mariana,Castro Medina,PAS29895046,mariana.castro@correo.com,+54-11-1375-3072,1
54,Alberto,Ramos Flores,PAS41294739,alberto.ramos@correo.com,+56-2-9630-4563,1
55,Miguel,Torres Mendoza,CI43987287,miguel.torres@gmail.com,+52-55-9835-1126,1
56,Adriana,Cruz Peña,DNI15440442,adriana.cruz@correo.com,+54-11-4255-7051,1
57,Isabella,Vega Fernández,PAS50094819,isabella.vega@hotmail.com,+57-1-2294-9712,1
58,Mariana,Castro Espinoza,DNI53770241,mariana.castro1@yahoo.com,+34-91-3647-7358,0
59,Nicolás,Rojas Silva,CI63767829,nicolás.rojas@gmail.com,+54-11-9800-7750,1
60,Isabella,Díaz Vargas,PAS56330883,isabella.díaz@outlook.com,+57-1-7525-6549,0
61,Oscar,Cruz Figueroa,PAS35463500,oscar.cruz@correo.com,+54-11-5101-1833,1
62,Javier,Herrera Domínguez,CI41223074,javier.herrera@correo.com,+57-1-8703-7094,1
63,Daniela,Peña Miranda,DNI91453224,daniela.peña@outlook.com,+51-1-1185-6890,1
64,Marco,Gómez Pérez,DNI56082288,marco.gómez@yahoo.com,+1-305-7217-5140,0
65,Sebastián,Gómez Álvarez,PAS18113149,sebastián.gómez@hotmail.com,+1-305-7401-4609,1
66,Lucía,Guzmán Medina,PAS18910697,lucía.guzmán@correo.com,+34-91-4863-2949,0
67,Andrea,Álvarez Vargas,PAS75001372,andrea.álvarez@correo.com,+54-11-1851-5282,0
68,Luis,Peña Figueroa,DNI95213289,luis.peña@gmail.com,+51-1-1500-5326,1
69,Valentina,Rodríguez Castro,DNI80080267,valentina.rodríguez@yahoo.com,+57-1-4274-9060,1
70,Catalina,Muñoz Aguilar,CI27591508,catalina.muñoz@hotmail.com,+1-305-3309-3372,0
71,Luis,Castillo Rojas,PAS42056627,luis.castillo@outlook.com,+1-305-6720-1271,1
72,Martín,Fernández Rojas,CI11335655,martín.fernández@hotmail.com,+51-1-6380-8652,1
73,Andrés,Martínez Medina,CI63033931,andrés.martínez@outlook.com,+54-11-8211-4673,1
74,Rafael,López Guerrero,DNI73751796,rafael.lópez@yahoo.com,+56-2-8059-1485,0
75,Leonardo,Castillo Guzmán,CI65092844,leonardo.castillo@gmail.com,+1-305-7173-6321,1
76,Diego,Núñez Gómez,CI27356911,diego.núñez@correo.com,+52-55-6422-9864,1
77,Alberto,Jiménez Silva,CI81671056,alberto.jiménez@gmail.com,+1-305-9398-8920,0
78,Roberto,Medina Morales,CI26833973,roberto.medina@gmail.com,+56-2-9255-3722,1
79,Adriana,García Figueroa,PAS96498923,adriana.garcía@hotmail.com,+1-305-8616-4909,0
80,Gabriela,Medina Pérez,DNI71139727,gabriela.medina@yahoo.com,+51-1-8591-1097,0
81,Gustavo,Álvarez Gómez,DNI18758112,gustavo.álvarez@hotmail.com,+34-91-8795-8314,1
82,Ignacio,Cabrera Aguilar,DNI53563309,ignacio.cabrera@correo.com,+51-1-4567-1646,0
83,Pedro,Ríos Castro,PAS89183949,pedro.ríos@hotmail.com,+51-1-5043-6483,0
84,Luis,Ramos Salazar,DNI10954394,luis.ramos@gmail.com,+56-2-4373-5220,1
85,Julia,Ríos Herrera,DNI95036067,julia.ríos@outlook.com,+34-91-7015-9094,1
86,Héctor,Navarro León,CI45464760,héctor.navarro@outlook.com,+52-55-8500-2990,1
87,Felipe,Delgado Campos,DNI11213925,felipe.delgado@outlook.com,+1-305-6896-6808,0
88,Victoria,Jiménez González,DNI25564859,victoria.jiménez@correo.com,+34-91-6368-1374,1
89,Gabriela,Díaz Sánchez,PAS92262033,gabriela.díaz@correo.com,+52-55-7234-1963,0
90,Alberto,Molina Rodríguez,PAS22897642,alberto.molina@gmail.com,+57-1-5738-9270,1
91,Roberto,Domínguez Ruiz,CI86042810,roberto.domínguez@hotmail.com,+52-55-3221-4667,0
92,Carla,León Campos,PAS26778213,carla.león@gmail.com,+56-2-7052-7830,1
93,Valentina,Fernández Campos,DNI12188824,valentina.fernández@outlook.com,+52-55-6121-3458,1
94,Elena,Guerrero Salazar,PAS83224424,elena.guerrero@hotmail.com,+57-1-3880-3191,1
95,Verónica,Pérez Espinoza,PAS44016340,verónica.pérez@correo.com,+52-55-8307-8382,1
96,Diego,Pérez Silva,PAS32303847,diego.pérez@gmail.com,+1-305-1936-3057,1
97,Andrea,Molina Vega,DNI12265846,andrea.molina@outlook.com,+54-11-8392-2619,0
98,Mariana,Aguilar Guerrero,CI46340226,mariana.aguilar@yahoo.com,+54-11-9928-9569,0
99,Jorge,Sánchez León,CI12297847,jorge.sánchez@gmail.com,+51-1-9836-6006,1
100,Héctor,Flores Castro,PAS78581587,héctor.flores@gmail.com,+34-91-2847-5091,1
101,Pedro,Castillo Delgado,CI75925890,pedro.castillo@hotmail.com,+54-11-3946-7787,1
102,Sebastián,Vargas González,PAS88211476,sebastián.vargas@yahoo.com,+57-1-8188-1444,1
103,Eduardo,Morales Medina,CI74615207,eduardo.morales@gmail.com,+34-91-6000-3740,0
104,Elena,Pérez Peña,CI17828310,elena.pérez@yahoo.com,+1-305-1967-3890,0
105,Marco,Herrera González,PAS26738510,marco.herrera@outlook.com,+52-55-7235-3239,1
106,Carolina,Núñez Reyes,PAS97518710,carolina.núñez@yahoo.com,+34-91-1256-7065,1
107,Lucía,Gómez Jiménez,PAS86994176,lucía.gómez@gmail.com,+1-305-2944-3216,1
108,Rafael,Díaz Delgado,DNI13056813,rafael.díaz@gmail.com,+56-2-6741-7770,0
109,Camila,Salazar García,PAS58812534,camila.salazar@outlook.com,+51-1-9685-9868,0
110,Paula,Guerrero Delgado,PAS55165985,paula.guerrero@gmail.com,+34-91-3440-5404,1
111,Pedro,Morales García,CI58570548,pedro.morales@outlook.com,+51-1-5924-9777,1
112,Sebastián,Figueroa Rojas,DNI18270596,sebastián.figueroa@outlook.com,+51-1-5244-4400,1
113,Mariana,León Fernández,DNI76128232,mariana.león@outlook.com,+52-55-8084-6436,0
114,Pablo,Morales Herrera,CI65925220,pablo.morales@yahoo.com,+51-1-8537-5547,0
115,Gabriela,Ortiz Pérez,DNI53108323,gabriela.ortiz@gmail.com,+51-1-9785-4095,1
116,Hernán,Álvarez Miranda,DNI55533930,hernán.álvarez@outlook.com,+54-11-3737-2574,1
117,Raúl,Rodríguez Silva,CI96923210,raúl.rodríguez@correo.com,+34-91-9710-8155,1
118,Daniela,Morales Pérez,CI18223761,daniela.morales@correo.com,+54-11-9203-8855,1
119,Alberto,Vega Ramos,DNI19014394,alberto.vega@yahoo.com,+56-2-4455-2794,0
120,Eduardo,Ramírez Hernández,CI58151557,eduardo.ramírez@outlook.com,+34-91-9020-5777,1
121,Sofía,Pérez Gómez,PAS57472790,sofía.pérez@outlook.com,+57-1-1430-3001,1
122,Teresa,Fernández Flores,DNI64742552,teresa.fernández@yahoo.com,+54-11-1570-3583,1
123,Ricardo,Navarro Domínguez,DNI75709792,ricardo.navarro@correo.com,+51-1-9124-9473,1
124,Pedro,Navarro Díaz,DNI75823633,pedro.navarro@outlook.com,+1-305-3297-1991,1
125,Teresa,Domínguez Ramírez,PAS29744950,teresa.domínguez@outlook.com,+51-1-6660-6661,1
126,Daniela,Salazar Ruiz,CI26042259,daniela.salazar@gmail.com,+34-91-8953-1644,1
127,Arturo,Álvarez Vargas,CI70318748,arturo.álvarez@correo.com,+54-11-3430-7089,0
128,Gabriela,Flores Espinoza,CI67577609,gabriela.flores@gmail.com,+51-1-2860-2427,1
129,Manuel,Mendoza Miranda,CI37682375,manuel.mendoza@outlook.com,+34-91-9422-4938,1
130,Catalina,Mendoza Díaz,PAS97782761,catalina.mendoza@hotmail.com,+51-1-7782-7890,1
131,Sofía,Vega Salazar,DNI15038892,sofía.vega@correo.com,+1-305-1298-6580,0
132,Pedro,Ramírez Silva,CI88379834,pedro.ramírez@gmail.com,+56-2-5953-6563,0
133,Andrés,Aguilar Vargas,PAS45844667,andrés.aguilar@hotmail.com,+57-1-9680-5873,1
134,Fernando,Romero Aguilar,PAS95268380,fernando.romero@correo.com,+52-55-1961-8837,1
135,Alejandra,Torres Espinoza,CI98650201,alejandra.torres@outlook.com,+1-305-9088-1718,1
136,Victoria,Cabrera Guzmán,CI99216482,victoria.cabrera@correo.com,+51-1-7518-2753,0
137,Pablo,Hernández Aguilar,CI81864167,pablo.hernández@hotmail.com,+56-2-2402-9713,1
138,Gustavo,Ramírez Núñez,PAS32427323,gustavo.ramírez@hotmail.com,+57-1-6435-7306,1
139,Carolina,Torres Medina,DNI79465491,carolina.torres@hotmail.com,+54-11-9876-6540,1
140,Ximena,Romero Vargas,DNI76854232,ximena.romero@correo.com,+34-91-2965-1100,1
141,Gabriela,Castillo Hernández,CI62918896,gabriela.castillo@yahoo.com,+34-91-6460-1137,0
142,Elena,Salazar Reyes,PAS19568903,elena.salazar@outlook.com,+51-1-6326-6312,0
143,Ana,Delgado Molina,CI49175561,ana.delgado@gmail.com,+54-11-2581-1553,1
144,Mónica,Ríos Jiménez,CI63148546,mónica.ríos@hotmail.com,+34-91-3356-8054,0
145,Eduardo,Guzmán Silva,PAS65288968,eduardo.guzmán@yahoo.com,+54-11-5319-2204,1
146,Javier,Guerrero Vega,CI69247642,javier.guerrero@yahoo.com,+34-91-2884-5740,1
147,Victoria,Morales Ruiz,PAS66795753,victoria.morales@outlook.com,+57-1-7933-5107,0
148,Jorge,Cruz Campos,DNI42464544,jorge.cruz@outlook.com,+1-305-4250-1873,0
149,Pedro,Núñez Cabrera,PAS27350297,pedro.núñez@gmail.com,+1-305-9726-1790,1
150,Rosa,Herrera González,PAS79213442,rosa.herrera@correo.com,+54-11-1649-2696,0
151,Diego,León Molina,CI67259643,diego.león@gmail.com,+56-2-5966-1796,1
152,Mariana,Guzmán Muñoz,DNI65417974,mariana.guzmán@yahoo.com,+54-11-1178-4346,0
153,Yolanda,Castro Salazar,PAS39591401,yolanda.castro@gmail.com,+56-2-5539-8972,0
154,Adriana,Ruiz López,CI37555555,adriana.ruiz@correo.com,+34-91-9707-7530,1
155,Carolina,Silva Guzmán,CI67043001,carolina.silva@correo.com,+1-305-4940-5430,0
156,Manuel,Herrera Reyes,CI15850121,manuel.herrera@correo.com,+51-1-7791-5117,1
157,Arturo,Álvarez Rojas,PAS52101068,arturo.álvarez@gmail.com,+52-55-9379-7444,1
158,Sandra,Figueroa Guerrero,CI92190299,sandra.figueroa@gmail.com,+57-1-2255-4211,0
159,Mónica,Fernández Cabrera,CI44271489,mónica.fernández@hotmail.com,+34-91-7736-7909,0
160,Pedro,Ruiz Vargas,PAS86968520,pedro.ruiz@correo.com,+54-11-3044-2371,1
161,Javier,Ramírez Morales,CI88774098,javier.ramírez@correo.com,+52-55-4716-4939,1
162,Pablo,Guzmán Miranda,PAS75450252,pablo.guzmán@outlook.com,+34-91-3477-1539,1
163,Jorge,Sánchez Rojas,PAS44917720,jorge.sánchez@correo.com,+52-55-8682-7875,1
164,Alberto,Martínez Cruz,CI46514584,alberto.martínez@gmail.com,+52-55-2467-2059,1
165,Roberto,Flores Jiménez,CI82978042,roberto.flores@hotmail.com,+56-2-4986-8511,1
166,Andrés,Vargas Pérez,PAS64101877,andrés.vargas@hotmail.com,+52-55-8490-8696,1
167,Daniela,Sánchez Medina,CI13286235,daniela.sánchez@correo.com,+56-2-8148-3943,1
168,Raúl,Figueroa Romero,CI83555888,raúl.figueroa@outlook.com,+56-2-2625-7171,1
169,Javier,Espinoza Martínez,PAS61656937,javier.espinoza@gmail.com,+34-91-5557-6131,1
170,Laura,González Castillo,CI76992126,laura.gonzález@correo.com,+34-91-5277-3283,1
171,Patricia,Díaz Ruiz,DNI24061564,patricia.díaz@outlook.com,+34-91-9737-4719,1
172,Verónica,Cruz Muñoz,PAS24675927,verónica.cruz@outlook.com,+1-305-3565-4208,1
173,Victoria,López Fernández,PAS61996346,victoria.lópez@hotmail.com,+34-91-5874-3703,1
174,Natalia,Silva Vargas,DNI55586646,natalia.silva@correo.com,+52-55-3531-3820,1
175,Ximena,Sánchez Mendoza,PAS63612944,ximena.sánchez@yahoo.com,+57-1-9244-7319,0
176,Ignacio,Morales Guerrero,PAS33823866,ignacio.morales@correo.com,+34-91-7209-8982,1
177,Rafael,Hernández Núñez,CI54946113,rafael.hernández@correo.com,+34-91-4051-6439,1
178,Ximena,Pérez Díaz,DNI88535571,ximena.pérez@yahoo.com,+1-305-4084-9087,0
179,Francisco,Miranda Cabrera,PAS76617174,francisco.miranda@correo.com,+52-55-5193-6599,1
180,Ricardo,Muñoz González,PAS91622352,ricardo.muñoz@gmail.com,+51-1-8350-2708,1
181,Ximena,Romero Torres,PAS70986490,ximena.romero1@hotmail.com,+1-305-9608-4293,1
182,Teresa,Silva López,DNI48633930,teresa.silva@gmail.com,+34-91-9057-5223,1
183,José,González Gómez,DNI46084164,josé.gonzález@gmail.com,+56-2-1901-5141,1
184,Yolanda,Herrera Peña,CI10455508,yolanda.herrera@correo.com,+54-11-9902-8134,1
185,Sebastián,Castro Torres,CI22938497,sebastián.castro@correo.com,+34-91-3305-9027,0
186,María,Medina Guerrero,PAS82603741,maría.medina@outlook.com,+54-11-3125-5124,1
187,Carolina,González Molina,PAS93417440,carolina.gonzález@correo.com,+1-305-6453-4788,0
188,Paula,García Navarro,CI41680879,paula.garcía@hotmail.com,+52-55-2310-4179,1
189,Sofía,García Salazar,CI82175572,sofía.garcía@outlook.com,+56-2-4898-4005,0
190,Sofía,Figueroa Salazar,DNI74204223,sofía.figueroa@correo.com,+34-91-8457-1283,0
191,Raúl,Medina Morales,DNI66161856,raúl.medina@yahoo.com,+52-55-7008-2463,1
192,Mariana,Peña Mendoza,DNI60642903,mariana.peña@correo.com,+1-305-9764-5399,0
193,Oscar,Ortiz Núñez,CI66852883,oscar.ortiz@hotmail.com,+1-305-5347-7759,0
194,Lucía,Reyes Figueroa,PAS26033957,lucía.reyes@gmail.com,+56-2-2203-6348,0
195,Lucía,Aguilar Cruz,DNI88789145,lucía.aguilar@gmail.com,+34-91-6403-8198,0
196,Sofía,Vega Castro,PAS67349990,sofía.vega@gmail.com,+52-55-3198-7056,0
197,Adriana,Flores Álvarez,PAS54553560,adriana.flores@correo.com,+54-11-5723-3460,1
198,Valentina,Ruiz Flores,PAS87103799,valentina.ruiz@correo.com,+56-2-1744-5700,0
199,Eduardo,Vargas Núñez,PAS84890757,eduardo.vargas@gmail.com,+54-11-3053-5329,0
200,Lucía,González Martínez,CI98511467,lucía.gonzález@outlook.com,+57-1-1892-6962,1
201,Ignacio,Jiménez Guzmán,CI22357506,ignacio.jiménez@correo.com,+57-1-3310-4276,1
202,Daniela,León Fernández,DNI61125135,daniela.león@hotmail.com,+51-1-5038-3096,1
203,Diego,Peña Salazar,CI60611068,diego.peña@yahoo.com,+34-91-5209-4286,0
204,Ana,Reyes Ruiz,DNI94589440,ana.reyes@hotmail.com,+51-1-3441-6872,1
205,Hernán,Reyes Morales,DNI58416662,hernán.reyes@gmail.com,+51-1-6634-8228,1
206,Roberto,Navarro Martínez,PAS37211413,roberto.navarro@correo.com,+56-2-5627-1339,1
207,Teresa,Vargas Ortiz,DNI45314573,teresa.vargas@gmail.com,+52-55-9088-8101,1
208,Adriana,Cruz Cruz,CI59905415,adriana.cruz@yahoo.com,+52-55-2053-9148,0
209,Fernando,Ruiz Guzmán,PAS96677443,fernando.ruiz@gmail.com,+34-91-8721-4514,1
210,Natalia,Cabrera Cruz,PAS97334642,natalia.cabrera@gmail.com,+56-2-5786-4385,0
211,Alejandra,Guzmán Morales,CI62717532,alejandra.guzmán@correo.com,+1-305-5618-1631,1
212,Carolina,Figueroa Fernández,CI44366557,carolina.figueroa@yahoo.com,+52-55-1758-2207,0
213,Carolina,Martínez Ramos,PAS31084806,carolina.martínez@hotmail.com,+1-305-9601-1996,1
214,José,Reyes Hernández,CI63380231,josé.reyes1@yahoo.com,+54-11-6265-7652,1
215,Elena,Pérez Guzmán,CI49545298,elena.pérez@correo.com,+34-91-5927-6550,0
216,Roberto,Guzmán Torres,CI59110796,roberto.guzmán@hotmail.com,+34-91-1369-1067,0
217,Verónica,Molina Vargas,CI86493966,verónica.molina@outlook.com,+54-11-1495-1617,0
218,Mónica,Mendoza Guzmán,PAS83726227,mónica.mendoza@correo.com,+1-305-6488-8499,1
219,Daniela,Ríos Peña,CI17853501,daniela.ríos@hotmail.com,+57-1-4892-8503,1
220,Beatriz,Silva Guzmán,PAS72211798,beatriz.silva@hotmail.com,+1-305-4714-8099,1
221,Leonardo,Mendoza Guzmán,DNI62361312,leonardo.mendoza@hotmail.com,+52-55-7431-5490,0
222,Valentina,Flores Hernández,CI95014423,valentina.flores@hotmail.com,+52-55-7402-2523,0
223,Daniela,Miranda Reyes,DNI27062919,daniela.miranda@outlook.com,+54-11-1748-8024,1
224,Yolanda,Mendoza Díaz,DNI95053786,yolanda.mendoza1@yahoo.com,+57-1-8106-5074,1
225,Beatriz,Flores Castro,CI80516881,beatriz.flores@correo.com,+54-11-5604-6638,1
226,Roberto,Navarro Torres,DNI76235630,roberto.navarro@outlook.com,+1-305-5468-2628,0
227,Isabella,Morales Vargas,PAS99768640,isabella.morales@correo.com,+34-91-9087-1569,1
228,Ignacio,Espinoza Domínguez,PAS42787614,ignacio.espinoza@yahoo.com,+52-55-1110-1912,1
229,Diego,Guerrero Castillo,CI27435222,diego.guerrero@hotmail.com,+1-305-4208-2043,1
230,Teresa,Castillo Álvarez,DNI60683948,teresa.castillo@correo.com,+54-11-6326-5036,1
231,Pedro,Hernández Herrera,PAS20876581,pedro.hernández@yahoo.com,+52-55-8499-9282,0
232,Teresa,Espinoza Hernández,CI37097787,teresa.espinoza@correo.com,+51-1-9840-5393,1
233,Javier,Flores García,DNI42460859,javier.flores@hotmail.com,+34-91-5043-6460,1
234,Andrea,Rodríguez Romero,PAS22858984,andrea.rodríguez@yahoo.com,+54-11-9031-9746,1
235,Elena,Figueroa Aguilar,CI24918202,elena.figueroa@yahoo.com,+51-1-8692-9836,0
236,Hernán,Ramos Romero,PAS63480029,hernán.ramos@gmail.com,+54-11-7868-9939,1
237,Mariana,Romero Martínez,DNI14797595,mariana.romero@hotmail.com,+57-1-8204-4098,1
238,José,Vega Guzmán,DNI68864239,josé.vega@outlook.com,+51-1-2109-9625,0
239,Carla,Salazar Ramírez,CI26776785,carla.salazar@correo.com,+57-1-5118-4040,1
240,José,Álvarez León,CI74860906,josé.álvarez@gmail.com,+52-55-5970-2500,0
241,Fernando,Fernández Castro,DNI56392308,fernando.fernández@correo.com,+34-91-3551-6822,1
242,Rosa,Ramírez Muñoz,CI97985305,rosa.ramírez@outlook.com,+56-2-1301-3021,1
243,Héctor,Domínguez Flores,CI86770014,héctor.domínguez@yahoo.com,+57-1-1197-6157,0
244,Isabella,Reyes Castro,DNI15545671,isabella.reyes@correo.com,+56-2-7630-8515,1
245,Rafael,Romero Vargas,PAS78811416,rafael.romero@outlook.com,+54-11-5756-8212,1
246,Paula,Mendoza Álvarez,DNI29218964,paula.mendoza@hotmail.com,+34-91-6486-2985,0
247,Hernán,Guerrero Aguilar,PAS72418491,hernán.guerrero@yahoo.com,+51-1-5101-3228,1
248,Alberto,Díaz Sánchez,DNI33704027,alberto.díaz@hotmail.com,+52-55-9891-3822,0
249,Luis,Silva Gómez,PAS92408243,luis.silva@gmail.com,+51-1-1705-3763,1
250,Pedro,Campos Medina,DNI42356244,pedro.campos@yahoo.com,+51-1-7944-5145,1
251,Carla,Campos Ruiz,CI61304951,carla.campos@yahoo.com,+54-11-8503-3365,1
252,Victoria,Medina Núñez,DNI24068865,victoria.medina@outlook.com,+52-55-6539-8361,0
253,Laura,Torres Campos,PAS49763377,laura.torres@outlook.com,+34-91-2426-1594,1
254,Raúl,Salazar Mendoza,CI80385860,raúl.salazar@outlook.com,+57-1-6825-1400,1
255,Luis,Peña Castro,CI85536874,luis.peña@outlook.com,+1-305-2028-3013,0
256,Luis,Hernández Álvarez,DNI62970103,luis.hernández@hotmail.com,+34-91-5925-5497,1
257,Leonardo,Ramos Miranda,DNI42742019,leonardo.ramos@yahoo.com,+1-305-8020-8293,1
258,Héctor,Domínguez García,CI89978341,héctor.domínguez@outlook.com,+52-55-4450-5980,1
259,Beatriz,Mendoza Medina,CI31976447,beatriz.mendoza@outlook.com,+1-305-3374-7056,1
260,Paula,Vega Domínguez,DNI64659068,paula.vega@gmail.com,+56-2-6609-3402,1
261,Beatriz,Domínguez Castillo,PAS97422817,beatriz.domínguez@yahoo.com,+52-55-1878-5732,1
262,Hernán,Guzmán Morales,PAS96892824,hernán.guzmán@correo.com,+1-305-5421-9557,1
263,Luis,Cabrera Domínguez,CI87406707,luis.cabrera@correo.com,+51-1-2600-1688,0
264,Pedro,Vargas Sánchez,CI53429737,pedro.vargas@outlook.com,+54-11-1134-7723,1
265,Mariana,Díaz Ramos,DNI44407664,mariana.díaz@yahoo.com,+57-1-2228-5810,0
266,Nicolás,Cabrera Sánchez,CI33308899,nicolás.cabrera@outlook.com,+34-91-3135-8645,0
267,Julia,Guzmán Rodríguez,PAS61155084,julia.guzmán@hotmail.com,+34-91-2948-8287,1
268,Ignacio,León Medina,PAS68527951,ignacio.león@outlook.com,+57-1-3993-7609,1
269,Hernán,Cruz León,DNI13016747,hernán.cruz@yahoo.com,+51-1-5997-1622,1
270,Felipe,Castro Núñez,PAS38392328,felipe.castro@yahoo.com,+1-305-6428-7784,1
271,Ignacio,Torres Aguilar,CI90597989,ignacio.torres@hotmail.com,+56-2-2409-2711,1
272,Andrés,Salazar González,CI78752539,andrés.salazar@yahoo.com,+57-1-9953-2279,1
273,Roberto,Romero Gómez,PAS52097169,roberto.romero@outlook.com,+56-2-1906-1822,1
274,Rosa,Mendoza Medina,CI77834305,rosa.mendoza@correo.com,+54-11-3197-4561,1
275,Alejandra,Gómez Cruz,CI82871242,alejandra.gómez@outlook.com,+51-1-5467-4937,0
276,Arturo,Jiménez González,PAS88950630,arturo.jiménez@yahoo.com,+34-91-1423-7735,0
277,Catalina,Delgado Silva,PAS85915047,catalina.delgado@hotmail.com,+52-55-8913-8429,0
278,Yolanda,Guzmán Delgado,DNI58960268,yolanda.guzmán@hotmail.com,+1-305-9132-3565,1
279,Victoria,Reyes Jiménez,PAS50104124,victoria.reyes@gmail.com,+51-1-4055-5138,1
280,María,Ortiz Silva,DNI16119499,maría.ortiz@gmail.com,+1-305-2064-9919,1
281,Héctor,Núñez Muñoz,CI25878269,héctor.núñez@hotmail.com,+57-1-2463-9271,1
282,Alberto,Guzmán Ruiz,CI17781542,alberto.guzmán@yahoo.com,+52-55-5087-2904,0
283,Elena,Miranda Miranda,DNI66656492,elena.miranda@hotmail.com,+57-1-9588-8073,1
284,Elena,Espinoza García,DNI89604326,elena.espinoza@correo.com,+52-55-8892-1334,1
285,Pablo,Figueroa Morales,CI93733373,pablo.figueroa@correo.com,+51-1-1211-3729,1
286,Eduardo,Vega Cabrera,PAS78702948,eduardo.vega@yahoo.com,+34-91-4190-1716,1
287,Diego,Campos Delgado,DNI25186653,diego.campos@hotmail.com,+52-55-3626-4552,0
288,Leonardo,Salazar Díaz,CI79036574,leonardo.salazar@gmail.com,+56-2-8308-4535,1
289,Gabriela,Torres Flores,PAS82525441,gabriela.torres@outlook.com,+54-11-1562-1535,1
290,Javier,Herrera Rodríguez,PAS31277415,javier.herrera@outlook.com,+1-305-4921-4978,1
291,Rafael,Ramírez Espinoza,CI50284361,rafael.ramírez@correo.com,+52-55-1326-7096,0
292,Lucía,Salazar Navarro,PAS11032681,lucía.salazar@correo.com,+56-2-7683-7229,0
293,Victoria,Ruiz Sánchez,PAS84617789,victoria.ruiz@outlook.com,+51-1-9795-2755,1
294,Valentina,Álvarez Gómez,PAS13975997,valentina.álvarez@correo.com,+56-2-1723-9636,1
295,Catalina,Guzmán Rojas,DNI49421594,catalina.guzmán@hotmail.com,+52-55-6598-4678,0
296,Martín,Pérez Herrera,DNI18929167,martín.pérez@correo.com,+34-91-7560-5335,1
297,Francisco,Núñez Ramos,CI16928203,francisco.núñez@correo.com,+54-11-5311-4118,1
298,Manuel,Álvarez Álvarez,PAS82709277,manuel.álvarez@yahoo.com,+56-2-4264-5666,1
299,Isabella,Díaz Hernández,DNI56952238,isabella.díaz1@hotmail.com,+56-2-9581-2084,1
300,Ximena,Campos Ramírez,DNI81542353,ximena.campos@yahoo.com,+52-55-9026-5724,0
301,Leonardo,Miranda Guerrero,DNI62335310,leonardo.miranda@yahoo.com,+56-2-1102-4363,1
302,Camila,Hernández Núñez,CI35401120,camila.hernández@outlook.com,+1-305-3560-8240,0
303,Rafael,Vega Aguilar,PAS56315488,rafael.vega@yahoo.com,+1-305-3661-2659,1
304,Natalia,Ríos León,PAS82671893,natalia.ríos@gmail.com,+51-1-8150-1563,1
305,Rosa,Álvarez Ruiz,CI17713869,rosa.álvarez@outlook.com,+54-11-3073-8294,0
306,Carla,Hernández Delgado,DNI36767424,carla.hernández@yahoo.com,+52-55-2706-9099,0
307,Jorge,López Fernández,PAS50603820,jorge.lópez@gmail.com,+1-305-3044-7699,0
308,Carla,Peña Miranda,PAS58456278,carla.peña@outlook.com,+56-2-7632-5648,0
309,Jorge,Morales Espinoza,DNI17207305,jorge.morales@yahoo.com,+34-91-1040-3801,0
310,Gabriela,González Sánchez,CI60495728,gabriela.gonzález@yahoo.com,+54-11-7475-9961,0
311,Teresa,Aguilar Espinoza,CI19529343,teresa.aguilar@gmail.com,+57-1-2772-6156,0
312,Manuel,Domínguez Herrera,PAS45745009,manuel.domínguez@correo.com,+57-1-8686-6341,1
313,Martín,García Domínguez,PAS60495019,martín.garcía@correo.com,+1-305-5328-1477,0
314,Juan,Martínez Cruz,PAS18138305,juan.martínez@gmail.com,+52-55-5760-8724,1
315,Lucía,Espinoza Ortiz,CI26248342,lucía.espinoza@correo.com,+51-1-2742-2459,1
316,Ricardo,Sánchez Campos,PAS67304392,ricardo.sánchez@correo.com,+1-305-7500-6123,1
317,Lucía,Torres Cabrera,CI24489314,lucía.torres@hotmail.com,+1-305-8344-6004,1
318,Manuel,Morales Martínez,DNI72634003,manuel.morales@yahoo.com,+54-11-2783-8040,1
319,Valentina,Sánchez González,DNI81299586,valentina.sánchez@gmail.com,+52-55-4625-6635,0
320,Teresa,Ramos Delgado,DNI15758892,teresa.ramos@correo.com,+34-91-7850-5994,0
321,Lucía,Martínez Jiménez,PAS32229832,lucía.martínez@hotmail.com,+54-11-8521-7340,0
322,Hernán,Rodríguez Hernández,CI63204148,hernán.rodríguez@hotmail.com,+56-2-9340-9439,1
323,Javier,Álvarez Reyes,PAS65929647,javier.álvarez@correo.com,+54-11-8954-9364,1
324,Ana,León Campos,CI28386094,ana.león@yahoo.com,+56-2-5372-2975,1
325,Sandra,Guzmán Muñoz,PAS62938787,sandra.guzmán@outlook.com,+54-11-7935-1957,1
326,Héctor,Vargas González,DNI82546239,héctor.vargas@gmail.com,+52-55-6165-3411,1
327,Adriana,Ríos Guerrero,DNI14310820,adriana.ríos@hotmail.com,+54-11-8363-6683,1
328,Laura,Cabrera Jiménez,PAS93687889,laura.cabrera@correo.com,+57-1-7934-7042,0
329,Francisco,Guerrero Núñez,PAS17969476,francisco.guerrero@gmail.com,+56-2-4002-5840,1
330,Diego,Aguilar Peña,CI97203891,diego.aguilar@gmail.com,+56-2-7678-8945,0
331,Hernán,Ruiz Núñez,PAS80389674,hernán.ruiz@gmail.com,+54-11-1389-2901,0
332,Sebastián,Castro Guerrero,PAS32548520,sebastián.castro1@hotmail.com,+1-305-8288-5133,0
333,Patricia,Rodríguez Herrera,DNI95161743,patricia.rodríguez@hotmail.com,+54-11-3497-7441,1
334,Rafael,Espinoza Ruiz,CI55644657,rafael.espinoza@yahoo.com,+54-11-4562-9714,0
335,Verónica,Flores Peña,CI84728361,verónica.flores@outlook.com,+54-11-7055-4621,1
336,Elena,Muñoz Rojas,DNI30931294,elena.muñoz@hotmail.com,+57-1-9363-8367,1
337,Isabella,Ortiz Romero,DNI29278011,isabella.ortiz@hotmail.com,+51-1-9325-6518,0
338,Mariana,Hernández Reyes,PAS60530499,mariana.hernández@outlook.com,+57-1-9487-2769,1
339,José,León Muñoz,DNI50735764,josé.león@outlook.com,+57-1-8297-6814,1
340,Leonardo,Ramírez Pérez,DNI11346776,leonardo.ramírez@gmail.com,+56-2-1408-6389,1
341,Adriana,Silva Rojas,DNI45320335,adriana.silva@correo.com,+51-1-3787-7566,0
342,Felipe,Miranda Pérez,CI71232627,felipe.miranda@gmail.com,+54-11-3878-2238,1
343,Pablo,Álvarez Fernández,PAS21702016,pablo.álvarez@gmail.com,+52-55-6649-6407,0
344,Gabriela,Vega Aguilar,PAS86749166,gabriela.vega@gmail.com,+52-55-8315-7713,0
345,Natalia,Morales Mendoza,DNI81242562,natalia.morales@gmail.com,+1-305-3854-4470,0
346,Daniela,Morales Vargas,CI31041076,daniela.morales@yahoo.com,+54-11-6237-4185,1
347,Verónica,Morales Ríos,CI60253897,verónica.morales@outlook.com,+56-2-9765-6659,1
348,Gabriela,Domínguez Ramírez,DNI48487123,gabriela.domínguez@hotmail.com,+52-55-8157-6545,0
349,Camila,Aguilar Castro,DNI44875672,camila.aguilar@gmail.com,+56-2-3358-5978,1
350,Hernán,Mendoza Ramírez,DNI27608399,hernán.mendoza@yahoo.com,+52-55-2717-7352,1
351,Diego,Núñez Ramírez,DNI61851961,diego.núñez@hotmail.com,+52-55-6055-3689,0
352,Nicolás,Cruz Morales,CI98045636,nicolás.cruz@gmail.com,+57-1-3286-5414,1
353,Sofía,Núñez Sánchez,PAS78268708,sofía.núñez@gmail.com,+54-11-8843-7506,1
354,Ricardo,López Álvarez,CI81363064,ricardo.lópez@gmail.com,+1-305-5278-7907,0
355,Catalina,Sánchez Flores,PAS12665393,catalina.sánchez@outlook.com,+57-1-9058-6073,1
356,Felipe,Díaz Salazar,CI88963241,felipe.díaz@yahoo.com,+51-1-2450-8943,0
357,Adriana,Espinoza Romero,PAS17005518,adriana.espinoza@outlook.com,+1-305-7414-8033,1
358,Carla,Figueroa Álvarez,DNI88526848,carla.figueroa@outlook.com,+57-1-9582-7670,0
359,Natalia,Ruiz Flores,PAS53988584,natalia.ruiz@yahoo.com,+1-305-1509-7880,0
360,Carla,Núñez Campos,DNI61009562,carla.núñez@outlook.com,+51-1-2600-7766,1
361,Yolanda,Gómez Delgado,PAS24099902,yolanda.gómez@gmail.com,+34-91-7098-6645,1
362,Yolanda,Peña Martínez,PAS47077715,yolanda.peña@outlook.com,+1-305-3687-1065,0
363,Victoria,Díaz Silva,DNI90645353,victoria.díaz@hotmail.com,+51-1-4693-4439,1
364,Ximena,Hernández Hernández,PAS43115315,ximena.hernández@gmail.com,+56-2-7106-8532,0
365,Javier,Ruiz Mendoza,CI38787209,javier.ruiz@gmail.com,+34-91-8537-4902,1
366,Pedro,Ramírez Vargas,PAS65943652,pedro.ramírez@hotmail.com,+52-55-6481-6941,1
367,Diego,Molina Torres,CI61806288,diego.molina@hotmail.com,+57-1-2849-3240,1
368,Elena,Miranda Domínguez,PAS65877358,elena.miranda@yahoo.com,+52-55-6019-8070,0
369,Patricia,Gómez Navarro,PAS86863173,patricia.gómez@hotmail.com,+56-2-4717-1189,1
370,Beatriz,Salazar Díaz,DNI90128955,beatriz.salazar@gmail.com,+56-2-6693-9416,0
371,Miguel,Delgado Castillo,PAS89186661,miguel.delgado@outlook.com,+51-1-5951-5636,1
372,Oscar,Hernández Delgado,DNI60825149,oscar.hernández@yahoo.com,+51-1-7973-7007,1
373,María,Vega León,PAS70588065,maría.vega@yahoo.com,+56-2-3415-3842,0
374,Natalia,Guzmán Reyes,DNI13604293,natalia.guzmán@gmail.com,+57-1-7183-3186,0
375,Carla,Jiménez Navarro,PAS71032689,carla.jiménez@hotmail.com,+54-11-8084-4538,1
376,Sofía,Muñoz Espinoza,CI88492195,sofía.muñoz@yahoo.com,+34-91-6014-4719,1
377,Gabriela,Figueroa Peña,CI23927843,gabriela.figueroa@correo.com,+54-11-9040-3679,0
378,Fernando,Rojas Salazar,DNI84253833,fernando.rojas@gmail.com,+34-91-7897-9308,0
379,Mónica,López Jiménez,CI72440051,mónica.lópez@yahoo.com,+34-91-2048-1314,0
380,Oscar,Díaz Navarro,CI17949609,oscar.díaz@outlook.com,+57-1-8337-9451,0
381,Sofía,Guzmán Núñez,PAS39858976,sofía.guzmán@yahoo.com,+1-305-2115-8076,1
382,Marco,Gómez Ramos,CI55236987,marco.gómez1@yahoo.com,+52-55-9663-7903,1
383,Javier,Díaz Romero,DNI47466178,javier.díaz@hotmail.com,+54-11-7983-9765,1
384,Sandra,Ramos López,PAS92678439,sandra.ramos@correo.com,+57-1-9941-2121,0
385,Rosa,Reyes Castro,PAS42589193,rosa.reyes@hotmail.com,+57-1-4171-4269,0
386,Roberto,León Ruiz,CI44089028,roberto.león@correo.com,+51-1-8669-4979,0
387,Rafael,Torres Mendoza,PAS90682374,rafael.torres@correo.com,+51-1-1782-4560,1
388,Luis,Morales Salazar,DNI18490486,luis.morales@yahoo.com,+52-55-3872-8406,0
389,Javier,Torres Ramos,CI51618588,javier.torres@correo.com,+56-2-7330-3931,0
390,Martín,Morales Castillo,CI41762771,martín.morales@outlook.com,+34-91-9952-7565,1
391,Ricardo,Miranda Gómez,CI45271499,ricardo.miranda@gmail.com,+57-1-7638-6156,1
392,Gabriela,Silva Espinoza,PAS20471760,gabriela.silva@outlook.com,+57-1-6051-2195,1
393,Beatriz,González González,CI66611942,beatriz.gonzález@hotmail.com,+51-1-4645-6654,1
394,Pedro,Ríos Flores,CI34352665,pedro.ríos@correo.com,+52-55-6239-8253,0
395,Roberto,Flores Ortiz,PAS21628449,roberto.flores@correo.com,+51-1-8962-2840,0
396,Jorge,Reyes Delgado,PAS58522088,jorge.reyes@gmail.com,+52-55-8163-2163,1
397,Natalia,Guerrero Castillo,CI49348482,natalia.guerrero@gmail.com,+51-1-5831-5080,1
398,Martín,Campos Ortiz,PAS39774412,martín.campos@gmail.com,+57-1-5204-4119,0
399,Ximena,Jiménez García,DNI23044395,ximena.jiménez@gmail.com,+1-305-1162-4795,0
400,Isabella,Pérez López,DNI95283242,isabella.pérez@correo.com,+1-305-4603-5471,1
401,Rosa,Jiménez Jiménez,PAS49671821,rosa.jiménez@yahoo.com,+51-1-7572-2585,0
402,Miguel,Castillo Jiménez,DNI69570281,miguel.castillo@gmail.com,+34-91-2296-8735,0
403,Pedro,Castillo Hernández,DNI47749764,pedro.castillo@outlook.com,+56-2-2260-7926,1
404,Mariana,Mendoza Romero,PAS94675406,mariana.mendoza@correo.com,+54-11-5438-3337,1
405,Daniela,Salazar Torres,CI57510413,daniela.salazar@hotmail.com,+34-91-4328-8535,1
406,Rosa,Domínguez Figueroa,DNI99406741,rosa.domínguez@gmail.com,+52-55-5026-2567,1
407,Héctor,Herrera Muñoz,PAS15446216,héctor.herrera@hotmail.com,+34-91-8475-1134,0
408,Rosa,Delgado Ríos,PAS89420969,rosa.delgado@outlook.com,+1-305-6399-9144,1
409,Camila,Díaz Vargas,DNI12941389,camila.díaz@gmail.com,+34-91-2999-3133,0
410,Laura,León Jiménez,DNI15123655,laura.león@outlook.com,+51-1-9363-7887,1
411,Ignacio,Sánchez Peña,PAS10233647,ignacio.sánchez@hotmail.com,+57-1-2189-1693,1
412,Adriana,Salazar Fernández,DNI17166060,adriana.salazar@gmail.com,+56-2-3329-6234,1
413,Teresa,González Figueroa,CI19981766,teresa.gonzález@gmail.com,+52-55-2948-6687,1
414,Miguel,Guerrero Reyes,PAS50198695,miguel.guerrero@outlook.com,+57-1-5457-1358,1
415,Nicolás,Silva Álvarez,DNI27030861,nicolás.silva@correo.com,+54-11-5066-8764,1
416,Fernando,Medina Ríos,CI62130652,fernando.medina@outlook.com,+56-2-8625-3371,1
417,Ximena,Campos Ruiz,CI89681007,ximena.campos@outlook.com,+57-1-2853-9452,0
418,Pablo,Domínguez Rodríguez,PAS29805920,pablo.domínguez@outlook.com,+56-2-2788-7011,1
419,Carla,Herrera Romero,DNI57548065,carla.herrera@outlook.com,+34-91-8521-5189,0
420,Rafael,Mendoza Aguilar,CI55862071,rafael.mendoza@hotmail.com,+1-305-3568-1905,1
421,Carolina,Romero Medina,CI19260614,carolina.romero@gmail.com,+54-11-8060-4621,0
422,Francisco,Campos Domínguez,CI87241278,francisco.campos@gmail.com,+1-305-7291-6417,0
423,Ana,León Jiménez,PAS29886049,ana.león@outlook.com,+52-55-7548-4320,0
424,Laura,Miranda Ramírez,DNI57485525,laura.miranda@hotmail.com,+57-1-4345-6095,0
425,Javier,Pérez Cabrera,CI32292319,javier.pérez@correo.com,+57-1-5787-4015,0
426,Gabriela,Mendoza Fernández,CI66750810,gabriela.mendoza@gmail.com,+57-1-9356-1631,1
427,Alejandra,Peña Figueroa,DNI77882324,alejandra.peña@correo.com,+1-305-3397-5145,1
428,Fernando,Campos Delgado,CI60338828,fernando.campos@correo.com,+54-11-5077-7272,1
429,Patricia,Martínez Herrera,PAS68739076,patricia.martínez@yahoo.com,+52-55-2717-8476,1
430,Sandra,Muñoz Fernández,CI74961849,sandra.muñoz@yahoo.com,+1-305-4422-8052,0
431,Felipe,Domínguez Rodríguez,CI32508502,felipe.domínguez@gmail.com,+34-91-8215-1043,1
432,Ignacio,Gómez Delgado,PAS49012586,ignacio.gómez@outlook.com,+57-1-1354-2440,1
433,Héctor,Morales Delgado,DNI77667996,héctor.morales@gmail.com,+54-11-1160-3636,1
434,Marco,Aguilar Ruiz,CI59210492,marco.aguilar@outlook.com,+56-2-2331-3111,0
435,Carla,Rojas García,PAS83635336,carla.rojas@correo.com,+52-55-2497-1978,1
436,Mariana,Medina Pérez,CI26130343,mariana.medina@gmail.com,+54-11-3344-3231,0
437,Lucía,Guerrero Ríos,PAS15787947,lucía.guerrero@correo.com,+56-2-4260-5283,0
438,Elena,Rojas García,CI49988691,elena.rojas@outlook.com,+54-11-7912-2728,1
439,Eduardo,Morales Campos,PAS76593350,eduardo.morales@yahoo.com,+52-55-6097-7739,0
440,Paula,Cruz Ramos,DNI10715997,paula.cruz@outlook.com,+52-55-5780-5695,0
441,Carla,Espinoza Sánchez,DNI80200137,carla.espinoza@outlook.com,+52-55-9466-1982,1
442,Camila,Guerrero Miranda,CI57023309,camila.guerrero@hotmail.com,+54-11-1926-7950,1
443,Adriana,Castillo Guerrero,CI54821183,adriana.castillo@yahoo.com,+57-1-5420-1982,1
444,Victoria,Castillo Ríos,DNI80624937,victoria.castillo@yahoo.com,+54-11-2754-7634,1
445,Oscar,Rodríguez González,CI95489188,oscar.rodríguez@yahoo.com,+51-1-6701-5699,1
446,Laura,González Guzmán,DNI43435213,laura.gonzález@yahoo.com,+56-2-5778-6413,1
447,Ricardo,Pérez Romero,DNI10079976,ricardo.pérez@yahoo.com,+56-2-5422-7080,0
448,Nicolás,Mendoza Hernández,CI13751938,nicolás.mendoza@hotmail.com,+54-11-6363-6369,1
449,Verónica,Mendoza Flores,DNI10986870,verónica.mendoza@gmail.com,+52-55-9910-6843,1
450,Manuel,Navarro Pérez,CI88513766,manuel.navarro@outlook.com,+57-1-6419-5190,1
451,Alejandra,Silva Domínguez,DNI42201045,alejandra.silva@gmail.com,+51-1-4494-7606,0
452,Eduardo,López Silva,CI50670651,eduardo.lópez@correo.com,+57-1-1769-3988,0
453,Fernando,Espinoza Gómez,CI48046674,fernando.espinoza@gmail.com,+54-11-8006-2497,0
454,Beatriz,Torres Miranda,CI10632928,beatriz.torres@outlook.com,+57-1-6074-7567,1
455,Gabriela,Cruz Silva,DNI82605878,gabriela.cruz@correo.com,+52-55-5100-8024,1
456,Mónica,Guzmán Figueroa,DNI37081246,mónica.guzmán@yahoo.com,+57-1-6787-1962,1
457,Leonardo,Morales Reyes,DNI55887413,leonardo.morales@outlook.com,+52-55-6963-6901,0
458,Daniela,Guerrero Rojas,CI94625704,daniela.guerrero@gmail.com,+57-1-9146-3434,0
459,Adriana,Núñez Ramírez,CI51913690,adriana.núñez@outlook.com,+34-91-9741-2675,1
460,Andrés,Peña Ramírez,DNI32284531,andrés.peña@gmail.com,+51-1-4754-4415,1
461,Mónica,Sánchez Flores,CI17142906,mónica.sánchez@outlook.com,+57-1-2844-6374,1
462,Patricia,Ramírez Guzmán,PAS36100081,patricia.ramírez@correo.com,+51-1-3932-5044,1
463,Diego,Silva Muñoz,DNI14516045,diego.silva@gmail.com,+34-91-7530-7156,1
464,Javier,Guerrero Castro,PAS28177132,javier.guerrero@correo.com,+34-91-3517-2578,1
465,Carolina,Fernández Campos,CI17224073,carolina.fernández@correo.com,+52-55-1951-6645,0
466,Yolanda,Ruiz Domínguez,DNI11037065,yolanda.ruiz@outlook.com,+1-305-5213-2316,0
467,Diego,Ramos Ríos,CI35405243,diego.ramos@outlook.com,+52-55-3794-1663,1
468,Arturo,Mendoza Reyes,PAS37089667,arturo.mendoza@correo.com,+56-2-4120-2712,0
469,Adriana,Ríos Guerrero,CI95822295,adriana.ríos@correo.com,+56-2-2960-2324,1
470,Catalina,Ramírez Fernández,PAS75419086,catalina.ramírez@correo.com,+56-2-8905-7256,1
471,Eduardo,Silva Fernández,PAS23231418,eduardo.silva@gmail.com,+54-11-5506-8005,1
472,Ignacio,Fernández Romero,CI53806614,ignacio.fernández@yahoo.com,+1-305-4568-7061,0
473,Diego,Delgado Núñez,PAS95232414,diego.delgado@outlook.com,+34-91-1333-4796,1
474,Héctor,Ríos Jiménez,PAS89714794,héctor.ríos@hotmail.com,+56-2-7966-2539,1
475,Laura,Rojas Ruiz,DNI75905405,laura.rojas@yahoo.com,+56-2-7533-8877,1
476,Raúl,Guerrero Campos,DNI94220760,raúl.guerrero@gmail.com,+56-2-2506-6754,0
477,Elena,Hernández Ortiz,PAS48555063,elena.hernández@correo.com,+54-11-1649-2093,1
478,Isabella,Pérez Sánchez,CI79878650,isabella.pérez@outlook.com,+51-1-2930-4920,0
479,Hernán,León Pérez,PAS13860709,hernán.león@gmail.com,+54-11-8081-7989,1
480,Ignacio,Guzmán Jiménez,CI37709213,ignacio.guzmán@hotmail.com,+51-1-6106-5446,1
481,Adriana,Castro Sánchez,DNI90230761,adriana.castro@correo.com,+57-1-6027-2817,0
482,Ana,Gómez Medina,PAS65874281,ana.gómez@correo.com,+54-11-2095-9457,1
483,Leonardo,López Álvarez,DNI44580996,leonardo.lópez@correo.com,+34-91-9350-7338,1
484,Catalina,Salazar Medina,DNI25960610,catalina.salazar@hotmail.com,+51-1-2645-7457,1
485,Alejandra,García Hernández,DNI12996300,alejandra.garcía@correo.com,+57-1-5320-7725,0
486,Eduardo,Morales Cruz,DNI57811878,eduardo.morales@correo.com,+1-305-1232-3737,0
487,Hernán,Vargas Cruz,DNI49502609,hernán.vargas@outlook.com,+51-1-7874-7312,1
488,Raúl,Ortiz Romero,DNI60369468,raúl.ortiz@hotmail.com,+52-55-7364-9841,1
489,Patricia,Álvarez Peña,DNI12986055,patricia.álvarez@hotmail.com,+51-1-5723-4074,0
490,Jorge,Torres Miranda,PAS56456544,jorge.torres@correo.com,+1-305-4805-9164,0
491,Gustavo,García Delgado,DNI11090393,gustavo.garcía@correo.com,+56-2-6799-9754,1
492,Javier,Ruiz Molina,PAS51084374,javier.ruiz@outlook.com,+54-11-3393-8997,1
493,Isabella,Romero Peña,CI29381118,isabella.romero@outlook.com,+51-1-1611-8043,1
494,Catalina,Domínguez Peña,DNI65630762,catalina.domínguez@hotmail.com,+51-1-3421-8513,1
495,Javier,Ruiz Delgado,CI34847104,javier.ruiz@yahoo.com,+52-55-1198-4112,1
496,Ximena,Peña Aguilar,PAS92502223,ximena.peña@yahoo.com,+51-1-6074-5075,0
497,Manuel,García Vega,DNI50543698,manuel.garcía@hotmail.com,+52-55-9494-8732,1
498,Leonardo,Herrera Castillo,PAS49622159,leonardo.herrera@yahoo.com,+34-91-8406-1725,1
499,Oscar,Díaz Morales,DNI31488887,oscar.díaz@gmail.com,+56-2-2584-3898,1
500,Gustavo,Guzmán Flores,DNI82973502,gustavo.guzmán@correo.com,+57-1-4992-1459,1
